{"cameraMode":{"drawMode":0,"name":"Shaded","section":"Shading Mode"},"sceneLighting":true,"audioPlay":false,"sceneViewState":{"showFog":true,"showMaterialUpdate":false,"showSkybox":true,"showFlares":true,"showImageEffects":true,"showParticleSystems":true},"in2DMode":false,"pivot":{"x":560.4050903320313,"y":1261.291015625,"z":123.95330810546875},"rotation":{"x":0.07941543310880661,"y":0.0044856928288936619,"z":-0.0003573391877580434,"w":0.996832549571991},"size":577.5704345703125,"orthographic":false}