{"cameraMode":{"drawMode":0,"name":"Shaded","section":"Shading Mode"},"sceneLighting":true,"audioPlay":false,"sceneViewState":{"showFog":true,"showMaterialUpdate":false,"showSkybox":true,"showFlares":true,"showImageEffects":true,"showParticleSystems":true},"in2DMode":false,"pivot":{"x":463.39788818359377,"y":1087.08056640625,"z":2.5559701919555666},"rotation":{"x":-0.013809191063046456,"y":0.0005972046055831015,"z":-0.000008226317731896415,"w":-0.9999046325683594},"size":609.7984008789063,"orthographic":false}